Workbook

Sheet 01_棒グラフ
A1: 富岳：CG/Solver内部処理時間（ACLE版 対 General版）
A3: 測定条件 | B3: 値
A4: 計算機 | B4: 富岳 A64FX
A5: 並列構成 | B5: 1ノード・MPI4×OpenMP12
A6: 格子・Solver | B6: 8×8×8×8・CG
A7: 測定 | B7: ACLE/General 各1ジョブ
A10: 処理 | B10: ACLE | C10: General
A11: ='02_元データ'!A2 -> CG全体 | B11: ='02_元データ'!B2 -> 5.7011375 | C11: ='02_元データ'!C2 -> 28.421268
A12: ='02_元データ'!A3 -> mult | B12: ='02_元データ'!B3 -> 5.3693513 | C12: ='02_元データ'!C3 -> 27.483518
A20: 処理 | B20: ACLE | C20: General
A21: ='02_元データ'!A4 -> dot | B21: ='02_元データ'!B4 -> 0.10051752 | C21: ='02_元データ'!C4 -> 0.1606165
A22: ='02_元データ'!A5 -> axpy(x) | B22: ='02_元データ'!B5 -> 0.014566702 | C22: ='02_元データ'!C5 -> 0.079058075
A23: ='02_元データ'!A6 -> axpy(r) | B23: ='02_元データ'!B6 -> 0.017404592 | C23: ='02_元データ'!C6 -> 0.079387416
A24: ='02_元データ'!A7 -> norm2(r) | B24: ='02_元データ'!B7 -> 0.087360274 | C24: ='02_元データ'!C7 -> 0.11554993
A25: ='02_元データ'!A8 -> aypx | B25: ='02_元データ'!B8 -> 0.016823169 | C25: ='02_元データ'!C8 -> 0.079410909
A28: 要点
A29: CG時間の94～97%をmult（D†D作用）が占めます。General版はACLE版よりCG全体で約4.99倍、multで約5.12倍長く、性能差の中心はD†D作用です。

Sheet 02_元データ
A1: 処理 | B1: ACLE [秒] | C1: General [秒] | D1: General / ACLE
A2: CG全体 | B2: 5.7011375 | C2: 28.421268 | D2: =C2/B2 -> 4.9851925
A3: mult | B3: 5.3693513 | C3: 27.483518 | D3: =C3/B3 -> 5.1185919
A4: dot | B4: 0.10051752 | C4: 0.1606165 | D4: =C4/B4 -> 1.5978955
A5: axpy(x) | B5: 0.014566702 | C5: 0.079058075 | D5: =C5/B5 -> 5.4273146
A6: axpy(r) | B6: 0.017404592 | C6: 0.079387416 | D6: =C6/B6 -> 4.5612914
A7: norm2(r) | B7: 0.087360274 | C7: 0.11554993 | D7: =C7/B7 -> 1.3226828
A8: aypx | B8: 0.016823169 | C8: 0.079410909 | D8: =C8/B8 -> 4.72033
